ACADEMIC_YEAR,STATE_CODE,STATE_NAME,DISTRICT_CODE,DISTRICT_NAME,BLOCK_CODE,UDISE_BLOCK_NAME,LOCATION,SCHOOL_CATEGORY_ID,SCHOOL_CATEGORY_NAME,SCHOOL_MANAGEMENT_ID,SCHOOL_MANAGEMENT_NAME,TOTAL_NUMBER_OF_SCHOOLS,,BOUNDARY_WALL,SINGLE_CLASS_ROOM,SEPARATE_ROOM_FOR_HEADMASTER,LAND_AVAILABLE,ELECTRICITY,FUNCTIONAL_ELECTRICITY,SOLAR_PANEL,FURNITURE,PLAYGROUND,LIBRARY_OR_READING_CORNER_OR_BOOK_BANK,LIBRARIAN,NEWSPAPER,KITCHEN_GARDEN,BOY_TOILET,FUNCTIONAL_BOY_TOILET,GIRL_TOILET,FUNCTIONAL_GIRL_TOILET,TOILET_FACILITY,FUNCTIONAL_TOILET_FACILITY,FUNCTIONAL_URINAL_BOY,FUNCTIONAL_URINAL_GIRL,FUNCTIONAL_URINAL,FUNCTIONAL_TOILET_AND_URINAL,DRINKING_WATER,FUNCTIONAL_DRINKING_WATER,WATER_PURIFIER,RAIN_WATER_HARVESTING,WATER_TESTED,HANDWASH,INCINERATOR,WASH_FACILITY_DRINKING_WATER_TOILET_AND_HANDWASH,RAMPS,MEDICAL_CHECKUP,COMPLETE_MEDICAL_CHECKUP,INTERNET,COMPUTER_AVAILABLE
201920,9,Uttar Pradesh,966,CHANDAULI,96601,CHANDAULI,Rural,1,PS (IV),1,Department of Education,77,77,61,0,66,46,69,72,1,0,41,77,9,29,8,77,77,77,77,77,77,76,76,76,76,77,77,1,4,9,71,0,71,72,71,67,1,1
201920,9,Uttar Pradesh,966,CHANDAULI,96601,CHANDAULI,Rural,1,PS (IV),2,Tribal Welfare Department,2,2,1,0,1,2,2,2,0,0,2,2,0,1,0,2,2,2,2,2,2,2,2,2,2,2,2,0,0,,2,0,2,,1,1,0,0
201920,9,Uttar Pradesh,966,CHANDAULI,96601,CHANDAULI,Rural,1,PS (IV),5,Private Unaided (Recognized),21,21,16,0,20,17,21,21,0,0,20,8,2,16,2,,21,21,21,21,21,20,20,20,20,21,21,0,0,,19,0,19,7,6,5,6,
201920,9,Uttar Pradesh,966,CHANDAULI,96601,CHANDAULI,Rural,1,PS (IV),97,Madarsa recognized (by Wakf board/Madarsa Board) ,3,2,2,0,2,1,3,3,0,0,2,0,1,2,0,3,3,3,3,3,3,2,2,2,2,3,3,0,0,,1,0,1,2,0,0,0,0
201920,9,Uttar Pradesh,966,CHANDAULI,96601,CHANDAULI,Rural,2,UPS (IVIII),1,Department of Education,30,29,26,0,30,26,,,0,0,22,30,,14,2,30,30,30,,30,,30,30,30,30,30,30,1,1,,29,26,29,,29,27,0,2
201920,9,Uttar Pradesh,966,CHANDAULI,96601,CHANDAULI,Rural,2,UPS (IVIII),5,Private Unaided (Recognized),20,20,20,0,20,18,19,19,5,0,20,16,9,19,3,20,20,20,20,20,,20,20,20,20,,20,,3,,19,12,19,6,8,7,9,14
201920,9,Uttar Pradesh,966,CHANDAULI,96601,CHANDAULI,Rural,2,UPS (IVIII),97,Madarsa recognized (by Wakf board/Madarsa Board) ,1,1,1,0,1,1,,1,,0,1,1,0,1,,1,1,1,1,1,,1,1,1,1,,1,,0,,0,0,0,1,0,0,,0
201920,9,Uttar Pradesh,966,CHANDAULI,96601,CHANDAULI,Rural,3,HSS (IXII),5,Private Unaided (Recognized),1,1,1,0,1,1,,1,1,0,1,1,,1,0,1,1,1,1,1,,1,1,1,1,,1,,0,,1,0,1,1,1,0,,1
201920,9,Uttar Pradesh,966,CHANDAULI,96601,CHANDAULI,Rural,4,UPS (VIVIII),1,Department of Education,20,20,16,0,19,16,9,13,0,0,15,19,,,3,20,20,19,19,20,,20,19,20,20,,20,,3,,17,13,,19,19,19,,
201920,9,Uttar Pradesh,966,CHANDAULI,96601,CHANDAULI,Rural,4,UPS (VIVIII),4,Government Aided,1,1,1,0,1,,1,1,0,0,1,1,,1,0,1,1,1,1,1,,1,1,1,1,,1,,0,,1,1,,1,1,0,,1
201920,9,Uttar Pradesh,966,CHANDAULI,96601,CHANDAULI,Rural,4,UPS (VIVIII),5,Private Unaided (Recognized),4,,3,0,4,4,,4,0,0,4,3,,3,1,4,4,,4,4,,3,3,3,3,,4,,0,,3,2,,0,1,1,,3
201920,9,Uttar Pradesh,966,CHANDAULI,96601,CHANDAULI,Rural,5,HSS (VIXII),4,Government Aided,2,2,2,0,2,2,,2,0,0,2,2,,1,2,2,2,2,2,2,,2,2,2,2,,2,,0,,2,1,,0,1,1,,
201920,9,Uttar Pradesh,966,CHANDAULI,96601,CHANDAULI,Rural,5,HSS (VIXII),5,Private Unaided (Recognized),3,3,3,0,3,3,,3,1,0,3,,,2,0,3,3,3,3,3,,2,2,2,2,3,3,,2,,3,1,,1,1,1,,
201920,9,Uttar Pradesh,966,CHANDAULI,96601,CHANDAULI,Rural,6,SS (IX),97,Madarsa recognized (by Wakf board/Madarsa Board) ,4,4,3,0,3,2,4,4,0,0,2,2,,1,1,4,3,4,4,4,,3,4,4,4,4,4,,1,,4,0,,,3,2,,
201920,9,Uttar Pradesh,966,CHANDAULI,96601,CHANDAULI,Rural,7,SS (VIX),5,Private Unaided (Recognized),4,4,4,0,4,4,4,4,0,0,4,3,,3,,4,4,4,4,4,,4,4,4,4,4,4,,0,,4,2,,1,1,1,,
201920,9,Uttar Pradesh,966,CHANDAULI,96601,CHANDAULI,Rural,8,SS (IXX),1,Department of Education,4,4,3,0,4,2,0,0,0,0,,4,0,0,,3,3,4,,4,,3,4,4,4,4,4,,1,,4,0,,1,4,3,,
201920,9,Uttar Pradesh,966,CHANDAULI,96601,CHANDAULI,Rural,8,SS (IXX),5,Private Unaided (Recognized),2,2,2,0,2,2,,2,2,0,2,2,0,2,,2,2,2,2,2,,2,2,2,2,2,2,,0,,2,1,,0,1,1,,2
201920,9,Uttar Pradesh,966,CHANDAULI,96601,CHANDAULI,Rural,10,HSS (IXXII),4,Government Aided,1,1,1,0,1,1,1,1,0,0,1,1,1,1,,1,1,1,1,1,,1,1,1,1,1,1,,0,,1,1,,0,1,1,,
201920,9,Uttar Pradesh,966,CHANDAULI,96601,CHANDAULI,Rural,10,HSS (IXXII),5,Private Unaided (Recognized),5,5,5,0,5,5,5,5,3,0,4,5,4,5,,5,5,,5,5,,5,5,5,5,5,5,,1,,5,2,,1,3,3,,3
201920,9,Uttar Pradesh,966,CHANDAULI,96601,CHANDAULI,Urban,1,PS (IV),1,Department of Education,1,1,1,0,1,1,1,1,,0,0,1,0,1,,1,1,1,1,1,,1,1,1,1,1,1,,0,,1,0,,0,1,1,,
201920,9,Uttar Pradesh,966,CHANDAULI,96601,CHANDAULI,Urban,1,PS (IV),5,Private Unaided (Recognized),7,7,6,0,7,7,,7,0,0,6,5,1,4,,7,7,7,7,7,,7,7,7,7,7,7,,0,,7,0,,2,1,1,,3
201920,9,Uttar Pradesh,966,CHANDAULI,96601,CHANDAULI,Urban,1,PS (IV),97,Madarsa recognized (by Wakf board/Madarsa Board) ,1,1,1,0,0,0,,1,0,0,1,1,1,1,,1,1,1,1,1,,1,1,1,1,1,1,0,0,,1,0,,1,1,0,,0
201920,9,Uttar Pradesh,966,CHANDAULI,96601,CHANDAULI,Urban,2,UPS (IVIII),5,Private Unaided (Recognized),10,10,10,0,10,,10,10,0,0,9,8,5,10,,,10,10,10,10,,10,10,10,10,10,10,3,1,,9,5,9,2,2,2,,5
201920,9,Uttar Pradesh,966,CHANDAULI,96601,CHANDAULI,Urban,4,UPS (VIVIII),1,Department of Education,1,0,1,0,1,1,,1,1,0,1,1,0,1,,0,0,1,1,1,,0,1,1,1,,1,0,0,,1,1,1,1,1,1,,
201920,9,Uttar Pradesh,966,CHANDAULI,96601,CHANDAULI,Urban,4,UPS (VIVIII),5,Private Unaided (Recognized),2,2,1,0,2,0,,2,1,0,2,2,1,2,,2,2,,2,2,,2,2,2,2,,2,1,0,,2,1,2,,1,1,,1
201920,9,Uttar Pradesh,966,CHANDAULI,96601,CHANDAULI,Urban,5,HSS (VIXII),4,Government Aided,2,2,2,0,2,2,2,,2,0,2,1,0,2,,1,1,2,,2,,1,2,2,2,,2,1,0,,2,1,2,1,2,2,,1
201920,9,Uttar Pradesh,966,CHANDAULI,96601,CHANDAULI,Urban,6,SS (IX),5,Private Unaided (Recognized),1,1,1,0,1,1,1,1,0,0,1,1,1,,,1,1,1,1,1,,1,1,1,1,,1,1,1,0,1,0,1,0,1,1,,1
201920,9,Uttar Pradesh,966,CHANDAULI,96601,CHANDAULI,Urban,7,SS (VIX),5,Private Unaided (Recognized),2,2,2,0,2,2,2,2,0,0,2,1,2,2,,2,2,2,2,2,,2,2,2,2,,2,0,1,0,2,1,2,0,0,0,,1
201920,9,Uttar Pradesh,966,CHANDAULI,96601,CHANDAULI,Urban,8,SS (IXX),5,Private Unaided (Recognized),1,1,1,0,1,1,1,1,0,0,,1,,1,,1,1,1,1,1,,1,1,1,1,,1,1,0,1,1,0,1,0,1,1,,1
201920,9,Uttar Pradesh,966,CHANDAULI,96601,CHANDAULI,Urban,10,HSS (IXXII),5,Private Unaided (Recognized),1,,1,0,1,1,1,1,1,0,1,1,0,1,,1,1,1,1,1,,1,1,1,1,,1,0,0,0,1,0,1,1,0,0,,
201920,9,Uttar Pradesh,966,CHANDAULI,96602,CHAKIYA,Rural,1,PS (IV),1,Department of Education,87,87,65,0,76,41,87,87,,0,24,84,1,60,,84,83,86,85,87,,,58,60,60,,87,2,2,7,85,0,85,,80,47,2,
201920,9,Uttar Pradesh,966,CHANDAULI,96602,CHAKIYA,Rural,1,PS (IV),5,Private Unaided (Recognized),14,14,12,0,10,10,,10,2,0,9,8,1,7,,14,13,14,13,14,,14,14,14,13,,12,0,1,1,12,0,,3,6,2,2,6
201920,9,Uttar Pradesh,966,CHANDAULI,96602,CHAKIYA,Rural,2,UPS (IVIII),1,Department of Education,35,35,25,0,32,24,35,35,1,0,11,35,0,25,,35,35,35,34,35,,32,32,32,32,,35,1,2,4,35,12,,,33,25,0,9
201920,9,Uttar Pradesh,966,CHANDAULI,96602,CHAKIYA,Rural,2,UPS (IVIII),5,Private Unaided (Recognized),12,12,11,0,11,10,,12,0,0,12,8,1,9,,12,12,12,12,12,,11,11,11,11,,12,2,0,4,12,4,,4,7,3,2,6
201920,9,Uttar Pradesh,966,CHANDAULI,96602,CHAKIYA,Rural,2,UPS (IVIII),97,Madarsa recognized (by Wakf board/Madarsa Board) ,1,1,1,0,1,1,1,1,0,0,1,0,0,0,,1,1,1,1,1,,1,1,1,1,,1,0,0,1,1,0,,1,1,0,0,1
201920,9,Uttar Pradesh,966,CHANDAULI,96602,CHAKIYA,Rural,2,UPS (IVIII),98,Madarsa unrecognized,1,1,1,0,1,1,1,1,0,0,1,,0,0,,1,1,1,,1,1,1,1,1,1,,1,0,0,0,1,0,,1,1,0,,1
201920,9,Uttar Pradesh,966,CHANDAULI,96602,CHAKIYA,Rural,3,HSS (IXII),5,Private Unaided (Recognized),1,1,1,0,1,1,1,1,1,0,1,1,,1,,1,1,1,1,1,1,1,1,1,1,,1,1,1,1,1,1,,0,1,1,,1
201920,9,Uttar Pradesh,966,CHANDAULI,96602,CHAKIYA,Rural,4,UPS (VIVIII),1,Department of Education,19,18,11,0,18,13,19,,2,0,10,19,,18,,18,18,19,19,19,19,14,15,15,15,,19,1,0,6,19,8,,18,18,8,,5
201920,9,Uttar Pradesh,966,CHANDAULI,96602,CHAKIYA,Rural,4,UPS (VIVIII),4,Government Aided,3,3,2,0,3,3,,2,0,0,3,3,,1,,3,3,3,3,3,3,3,3,3,3,,3,,1,2,3,2,,2,3,0,,0
201920,9,Uttar Pradesh,966,CHANDAULI,96602,CHAKIYA,Rural,4,UPS (VIVIII),5,Private Unaided (Recognized),11,11,7,0,10,10,6,6,2,0,8,4,,6,,11,10,11,10,11,10,10,10,10,10,,10,,2,4,10,4,,3,4,0,,3
201920,9,Uttar Pradesh,966,CHANDAULI,96602,CHAKIYA,Rural,5,HSS (VIXII),4,Government Aided,2,2,2,0,1,2,,1,2,0,2,2,,2,,2,2,2,2,2,2,2,2,2,2,,2,,0,0,2,1,,1,1,1,,2
201920,9,Uttar Pradesh,966,CHANDAULI,96602,CHAKIYA,Rural,5,HSS (VIXII),5,Private Unaided (Recognized),2,2,2,0,2,2,,1,1,0,2,2,,2,,1,1,2,2,2,2,1,2,2,2,,1,,0,1,2,2,,0,1,0,,1
201920,9,Uttar Pradesh,966,CHANDAULI,96602,CHAKIYA,Rural,7,SS (VIX),4,Government Aided,1,1,1,0,1,1,,1,,0,1,1,,,,0,0,1,1,1,1,0,1,1,1,,1,,0,0,1,1,,0,1,0,,0
201920,9,Uttar Pradesh,966,CHANDAULI,96602,CHAKIYA,Rural,7,SS (VIX),5,Private Unaided (Recognized),3,3,3,0,3,3,2,2,1,0,1,1,,1,,3,3,,3,3,,3,3,3,3,,3,,0,3,3,2,,0,1,1,,1
201920,9,Uttar Pradesh,966,CHANDAULI,96602,CHAKIYA,Rural,8,SS (IXX),1,Department of Education,3,3,0,0,3,2,1,1,0,0,1,3,,1,,,3,3,3,3,,3,3,3,3,,3,,0,0,3,0,,0,3,2,,
201920,9,Uttar Pradesh,966,CHANDAULI,96602,CHAKIYA,Rural,8,SS (IXX),5,Private Unaided (Recognized),2,2,2,0,1,2,1,1,1,0,2,1,,1,,2,2,2,2,2,,2,2,2,2,2,2,,0,0,2,1,,0,0,0,,
201920,9,Uttar Pradesh,966,CHANDAULI,96602,CHAKIYA,Rural,10,HSS (IXXII),2,Tribal Welfare Department,1,1,1,0,1,0,1,1,1,0,1,1,,1,,1,1,0,0,1,,1,0,1,1,1,1,,0,1,1,0,,,1,1,,1
201920,9,Uttar Pradesh,966,CHANDAULI,96602,CHAKIYA,Rural,10,HSS (IXXII),4,Government Aided,1,1,1,0,1,,0,1,0,0,,0,,0,,1,1,1,1,1,,,1,1,1,1,1,,0,0,0,0,,0,0,0,,
201920,9,Uttar Pradesh,966,CHANDAULI,96602,CHAKIYA,Rural,10,HSS (IXXII),5,Private Unaided (Recognized),2,2,2,0,2,2,2,2,1,0,2,2,,2,,2,2,2,2,2,,2,2,2,2,2,2,,1,,2,1,,2,2,0,,1
201920,9,Uttar Pradesh,966,CHANDAULI,96602,CHAKIYA,Urban,1,PS (IV),1,Department of Education,1,1,1,0,1,1,1,1,0,0,1,1,,0,,1,1,1,,1,,0,0,0,0,1,1,,0,,1,0,,1,1,0,,
201920,9,Uttar Pradesh,966,CHANDAULI,96602,CHAKIYA,Urban,1,PS (IV),5,Private Unaided (Recognized),2,2,2,0,2,2,2,,0,0,1,,,1,,2,2,2,2,2,,1,1,1,1,2,2,,0,,2,0,,0,1,0,,1
201920,9,Uttar Pradesh,966,CHANDAULI,96602,CHAKIYA,Urban,2,UPS (IVIII),5,Private Unaided (Recognized),1,1,1,0,1,0,1,1,0,0,1,1,,1,,1,1,1,1,1,,1,1,1,1,1,0,,0,,1,1,,1,1,1,,
201920,9,Uttar Pradesh,966,CHANDAULI,96602,CHAKIYA,Urban,3,HSS (IXII),97,Madarsa recognized (by Wakf board/Madarsa Board) ,1,1,1,0,1,1,,1,0,0,1,1,,1,,1,1,1,1,1,,0,0,0,0,1,1,,0,,1,0,,,1,0,,
201920,9,Uttar Pradesh,966,CHANDAULI,96602,CHAKIYA,Urban,5,HSS (VIXII),1,Department of Education,1,1,1,0,1,1,1,1,1,0,1,1,,0,,1,1,1,1,1,,1,1,1,1,1,1,,1,,0,1,,1,1,1,,
201920,9,Uttar Pradesh,966,CHANDAULI,96603,CHAHANIYA,Rural,1,PS (IV),1,Department of Education,85,85,67,0,61,58,81,83,2,0,38,76,,46,,83,82,,84,85,,67,66,71,71,85,85,,0,,76,0,,76,85,82,,
201920,9,Uttar Pradesh,966,CHANDAULI,96603,CHAHANIYA,Rural,1,PS (IV),2,Tribal Welfare Department,4,4,2,0,2,4,1,2,0,0,1,0,,1,,4,4,4,4,4,,2,2,2,2,4,4,,0,,1,0,,1,4,3,,0
201920,9,Uttar Pradesh,966,CHANDAULI,96603,CHAHANIYA,Rural,1,PS (IV),5,Private Unaided (Recognized),41,,36,0,36,33,,27,6,0,32,24,,25,,41,41,41,40,41,,29,27,29,29,41,41,,0,,29,0,,,19,6,,9
201920,9,Uttar Pradesh,966,CHANDAULI,96603,CHAHANIYA,Rural,1,PS (IV),97,Madarsa recognized (by Wakf board/Madarsa Board) ,1,0,1,0,1,0,1,1,0,0,1,1,,,,1,1,1,1,1,,1,1,1,1,1,1,,0,,1,0,,0,1,0,,0
201920,9,Uttar Pradesh,966,CHANDAULI,96603,CHAHANIYA,Rural,2,UPS (IVIII),1,Department of Education,31,31,26,0,27,22,,31,0,0,17,30,,16,,31,31,31,31,31,,27,27,27,27,31,31,,1,,29,20,,24,31,28,,6
201920,9,Uttar Pradesh,966,CHANDAULI,96603,CHAHANIYA,Rural,2,UPS (IVIII),4,Government Aided,1,1,1,0,1,1,1,1,1,0,1,1,,0,,1,1,1,1,1,,1,1,1,1,1,1,,1,,1,1,,0,0,0,,1
201920,9,Uttar Pradesh,966,CHANDAULI,96603,CHAHANIYA,Rural,2,UPS (IVIII),5,Private Unaided (Recognized),17,17,16,0,15,15,11,11,5,0,,15,3,13,,17,17,17,17,17,,,15,15,15,17,17,,1,,16,5,,2,10,8,,9
201920,9,Uttar Pradesh,966,CHANDAULI,96603,CHAHANIYA,Rural,3,HSS (IXII),5,Private Unaided (Recognized),5,5,5,0,5,4,5,5,3,0,4,4,4,5,,5,5,5,5,5,,5,5,5,5,5,5,,2,,4,3,,2,4,2,,4
201920,9,Uttar Pradesh,966,CHANDAULI,96603,CHAHANIYA,Rural,4,UPS (VIVIII),1,Department of Education,19,18,14,0,16,,19,19,,0,6,17,0,10,,19,18,19,19,19,,17,17,17,17,19,19,,0,,19,6,,17,19,18,,7
201920,9,Uttar Pradesh,966,CHANDAULI,96603,CHAHANIYA,Rural,4,UPS (VIVIII),4,Government Aided,7,6,6,0,7,7,4,4,0,0,6,4,0,3,,7,7,7,,7,,4,4,4,4,7,7,,0,,5,1,,,4,4,,0
201920,9,Uttar Pradesh,966,CHANDAULI,96603,CHAHANIYA,Rural,4,UPS (VIVIII),5,Private Unaided (Recognized),17,17,15,0,15,13,14,14,2,0,10,9,3,8,,17,17,17,17,17,,10,10,10,10,17,17,,2,,12,4,,2,6,2,,
201920,9,Uttar Pradesh,966,CHANDAULI,96603,CHAHANIYA,Rural,5,HSS (VIXII),4,Government Aided,4,4,4,0,4,4,4,4,2,0,4,,1,4,,,4,4,4,4,,4,4,4,4,4,4,,1,,4,2,,1,4,3,,
201920,9,Uttar Pradesh,966,CHANDAULI,96603,CHAHANIYA,Rural,5,HSS (VIXII),5,Private Unaided (Recognized),6,6,6,0,6,6,5,5,1,0,4,6,3,5,,6,6,6,6,6,,6,6,6,6,6,6,,0,,6,3,,1,2,1,,
201920,9,Uttar Pradesh,966,CHANDAULI,96603,CHAHANIYA,Rural,5,HSS (VIXII),93,Jawahar Navodaya Vidyalaya ,1,1,1,0,1,1,1,1,1,0,1,1,1,1,,1,1,1,1,1,,1,1,1,1,1,1,,0,,1,1,,1,1,1,,
201920,9,Uttar Pradesh,966,CHANDAULI,96603,CHAHANIYA,Rural,6,SS (IX),5,Private Unaided (Recognized),1,1,1,0,0,0,,1,0,0,1,1,,1,,1,1,1,1,1,,1,1,1,1,1,1,,0,,1,0,,,1,1,,
201920,9,Uttar Pradesh,966,CHANDAULI,96603,CHAHANIYA,Rural,6,SS (IX),97,Madarsa recognized (by Wakf board/Madarsa Board) ,2,2,2,0,2,1,2,,0,0,1,2,,2,,2,2,2,2,2,,1,1,1,1,2,2,,0,,2,0,,1,2,1,,
201920,9,Uttar Pradesh,966,CHANDAULI,96603,CHAHANIYA,Rural,7,SS (VIX),5,Private Unaided (Recognized),7,7,6,0,7,7,,5,1,0,7,7,,6,,7,7,,7,7,,7,7,7,7,7,7,,2,,6,0,,2,4,1,,
201920,9,Uttar Pradesh,966,CHANDAULI,96603,CHAHANIYA,Rural,8,SS (IXX),1,Department of Education,1,1,0,0,1,0,0,0,0,0,0,0,,0,,1,1,1,1,1,,,0,0,0,1,1,,0,,0,0,,0,1,1,,
201920,9,Uttar Pradesh,966,CHANDAULI,96603,CHAHANIYA,Rural,8,SS (IXX),5,Private Unaided (Recognized),5,5,5,0,5,5,5,5,0,0,4,4,,3,,5,5,5,5,5,,5,5,5,5,5,5,,0,,5,1,,0,4,2,,
201920,9,Uttar Pradesh,966,CHANDAULI,96603,CHAHANIYA,Rural,10,HSS (IXXII),4,Government Aided,1,1,1,0,1,1,1,1,0,0,0,1,,0,,1,1,1,1,1,,0,0,0,0,1,1,,0,,0,0,,0,0,0,,
201920,9,Uttar Pradesh,966,CHANDAULI,96603,CHAHANIYA,Rural,10,HSS (IXXII),5,Private Unaided (Recognized),13,13,13,0,13,11,13,13,6,0,13,13,,12,,13,13,13,13,13,,10,9,10,10,13,13,4,2,,12,5,,4,9,5,,
201920,9,Uttar Pradesh,966,CHANDAULI,96604,SAKALDIHA,Rural,1,PS (IV),1,Department of Education,77,75,55,0,65,50,,71,4,0,,70,,9,,76,72,77,,77,,59,63,64,64,77,77,1,1,,67,0,,63,60,41,,
201920,9,Uttar Pradesh,966,CHANDAULI,96604,SAKALDIHA,Rural,1,PS (IV),2,Tribal Welfare Department,2,1,0,0,1,2,2,2,0,0,1,1,,,,2,2,2,2,2,,2,2,2,2,2,2,0,0,,2,0,,1,2,1,,
201920,9,Uttar Pradesh,966,CHANDAULI,96604,SAKALDIHA,Rural,1,PS (IV),5,Private Unaided (Recognized),33,33,23,0,30,26,27,27,3,0,24,,,17,,32,32,33,33,33,,26,26,26,26,33,33,6,3,,28,0,,,15,3,,
201920,9,Uttar Pradesh,966,CHANDAULI,96604,SAKALDIHA,Rural,1,PS (IV),97,Madarsa recognized (by Wakf board/Madarsa Board) ,2,2,2,0,0,0,2,2,1,0,0,2,,2,,2,2,2,2,2,,2,2,2,2,2,2,0,0,,2,0,,2,2,1,,0
201920,9,Uttar Pradesh,966,CHANDAULI,96604,SAKALDIHA,Rural,1,PS (IV),98,Madarsa unrecognized,1,1,1,0,0,0,1,1,1,0,0,1,,1,,1,1,1,1,1,,1,1,1,1,,1,0,0,,1,0,,0,0,0,,1
201920,9,Uttar Pradesh,966,CHANDAULI,96604,SAKALDIHA,Rural,2,UPS (IVIII),1,Department of Education,30,30,25,0,29,24,26,27,0,0,17,29,,3,,30,30,30,30,30,,26,27,27,27,,30,1,0,,29,22,,28,28,25,0,7
201920,9,Uttar Pradesh,966,CHANDAULI,96604,SAKALDIHA,Rural,2,UPS (IVIII),5,Private Unaided (Recognized),16,16,16,0,16,,12,13,4,0,15,9,,11,,16,16,16,16,16,,13,13,13,13,,16,5,3,,15,6,,5,7,1,9,11
201920,9,Uttar Pradesh,966,CHANDAULI,96604,SAKALDIHA,Rural,4,UPS (VIVIII),1,Department of Education,21,20,15,0,18,20,,20,,0,12,21,,5,,20,19,21,21,21,,,19,20,20,,21,1,0,,19,9,,18,19,14,0,3
201920,9,Uttar Pradesh,966,CHANDAULI,96604,SAKALDIHA,Rural,4,UPS (VIVIII),4,Government Aided,4,3,1,0,4,4,3,3,0,0,4,,,2,,,3,4,4,4,,3,3,3,3,,4,1,0,,4,1,,1,1,0,0,0
201920,9,Uttar Pradesh,966,CHANDAULI,96604,SAKALDIHA,Rural,4,UPS (VIVIII),5,Private Unaided (Recognized),9,9,7,0,8,7,6,6,0,0,4,5,2,3,,7,7,9,9,9,,6,8,8,8,,9,0,0,,8,1,,3,4,1,0,
201920,9,Uttar Pradesh,966,CHANDAULI,96604,SAKALDIHA,Rural,5,HSS (VIXII),4,Government Aided,3,3,3,0,3,3,3,3,1,0,3,3,1,2,,3,3,3,3,3,,2,2,2,2,,3,2,0,,3,1,,,3,2,1,
201920,9,Uttar Pradesh,966,CHANDAULI,96604,SAKALDIHA,Rural,5,HSS (VIXII),5,Private Unaided (Recognized),12,12,12,0,11,12,12,,6,0,6,9,3,10,,10,10,12,12,12,,10,11,12,12,,12,5,4,,11,5,,,5,2,7,
201920,9,Uttar Pradesh,966,CHANDAULI,96604,SAKALDIHA,Rural,6,SS (IX),5,Private Unaided (Recognized),2,2,2,0,2,2,2,2,1,0,2,2,2,2,,2,2,2,2,2,2,2,2,2,2,,2,2,1,,2,2,,2,2,2,2,
201920,9,Uttar Pradesh,966,CHANDAULI,96604,SAKALDIHA,Rural,7,SS (VIX),4,Government Aided,1,1,1,0,1,1,1,1,0,0,1,,1,0,,1,1,1,1,1,1,1,1,1,1,,1,0,0,,1,0,,0,0,0,0,
201920,9,Uttar Pradesh,966,CHANDAULI,96604,SAKALDIHA,Rural,7,SS (VIX),5,Private Unaided (Recognized),4,4,4,0,4,3,4,4,2,0,4,3,1,,,4,4,4,4,4,4,4,4,4,4,,4,1,1,,4,1,,2,2,1,1,
201920,9,Uttar Pradesh,966,CHANDAULI,96604,SAKALDIHA,Rural,8,SS (IXX),5,Private Unaided (Recognized),4,,4,0,4,4,4,4,1,0,4,4,2,2,,4,4,,4,4,4,4,4,4,4,,4,0,0,,3,0,,1,2,1,2,
201920,9,Uttar Pradesh,966,CHANDAULI,96604,SAKALDIHA,Rural,10,HSS (IXXII),1,Department of Education,1,1,1,0,1,1,,1,0,0,1,1,0,1,,0,0,1,,1,1,0,0,0,0,,1,1,0,1,1,0,,1,0,0,0,1
201920,9,Uttar Pradesh,966,CHANDAULI,96604,SAKALDIHA,Rural,10,HSS (IXXII),4,Government Aided,1,1,1,0,1,1,1,1,1,0,1,1,0,1,,1,1,1,1,1,1,1,1,1,1,,1,1,0,0,1,0,,0,0,0,1,1
201920,9,Uttar Pradesh,966,CHANDAULI,96604,SAKALDIHA,Rural,10,HSS (IXXII),5,Private Unaided (Recognized),8,8,8,0,8,8,8,8,2,0,7,8,5,6,,7,7,8,8,8,8,4,5,5,5,,8,3,2,2,8,2,,1,4,2,4,5
201920,9,Uttar Pradesh,966,CHANDAULI,96604,SAKALDIHA,Urban,1,PS (IV),5,Private Unaided (Recognized),1,1,0,0,1,1,,1,0,0,0,0,0,0,,1,1,1,1,1,1,1,1,1,1,,1,0,0,0,1,0,,,0,0,0,
201920,9,Uttar Pradesh,966,CHANDAULI,96604,SAKALDIHA,Urban,5,HSS (VIXII),4,Government Aided,2,2,2,0,2,2,2,2,1,0,2,2,0,2,,2,2,2,2,2,2,1,1,1,1,,2,0,0,1,2,1,2,0,2,1,1,
201920,9,Uttar Pradesh,966,CHANDAULI,96605,DHANAPUR,Rural,1,PS (IV),1,Department of Education,82,82,65,0,67,48,,,5,0,37,79,2,54,,81,81,82,82,82,,59,56,59,59,,82,0,1,5,79,0,79,67,73,73,2,
201920,9,Uttar Pradesh,966,CHANDAULI,96605,DHANAPUR,Rural,1,PS (IV),5,Private Unaided (Recognized),34,34,24,0,30,29,,25,4,0,32,12,1,16,,34,34,34,34,34,,19,18,19,19,,34,4,2,6,32,0,32,13,25,21,5,
201920,9,Uttar Pradesh,966,CHANDAULI,96605,DHANAPUR,Rural,2,UPS (IVIII),1,Department of Education,32,32,27,0,28,21,,22,1,0,20,,1,21,,32,32,32,32,32,,26,27,27,27,,32,0,2,,30,9,30,27,30,28,1,
201920,9,Uttar Pradesh,966,CHANDAULI,96605,DHANAPUR,Rural,2,UPS (IVIII),4,Government Aided,1,1,1,0,1,1,,1,,0,1,0,0,1,,,1,1,1,1,,,1,1,1,,1,0,0,,1,0,1,0,1,1,,0
201920,9,Uttar Pradesh,966,CHANDAULI,96605,DHANAPUR,Rural,2,UPS (IVIII),5,Private Unaided (Recognized),10,10,10,0,10,10,9,9,4,0,8,7,3,8,,10,10,10,10,10,,8,8,8,8,10,10,2,2,,9,7,9,6,9,6,,4
201920,9,Uttar Pradesh,966,CHANDAULI,96605,DHANAPUR,Rural,2,UPS (IVIII),97,Madarsa recognized (by Wakf board/Madarsa Board) ,4,4,4,0,4,4,4,4,2,0,4,3,1,4,,4,4,4,4,4,,4,4,4,4,4,4,2,0,,4,1,4,2,3,0,,2
201920,9,Uttar Pradesh,966,CHANDAULI,96605,DHANAPUR,Rural,2,UPS (IVIII),98,Madarsa unrecognized,4,,3,0,4,,2,2,0,0,4,3,0,4,,3,3,4,4,4,,3,4,4,4,4,4,0,2,,4,0,4,2,2,2,,
201920,9,Uttar Pradesh,966,CHANDAULI,96605,DHANAPUR,Rural,4,UPS (VIVIII),1,Department of Education,37,37,24,0,36,31,16,16,1,0,23,37,0,,,35,35,37,37,37,,25,28,28,28,37,37,,1,,36,15,36,23,33,33,,0
201920,9,Uttar Pradesh,966,CHANDAULI,96605,DHANAPUR,Rural,4,UPS (VIVIII),4,Government Aided,6,6,4,0,6,6,4,,0,0,6,4,0,4,,4,4,,6,6,,2,4,4,4,6,6,,1,,5,2,5,3,5,5,,
201920,9,Uttar Pradesh,966,CHANDAULI,96605,DHANAPUR,Rural,4,UPS (VIVIII),5,Private Unaided (Recognized),12,12,11,0,10,9,11,11,2,0,12,6,1,10,,12,12,12,,12,,7,8,8,8,12,12,,0,,12,3,12,,7,6,,
201920,9,Uttar Pradesh,966,CHANDAULI,96605,DHANAPUR,Rural,5,HSS (VIXII),4,Government Aided,5,5,5,0,4,5,5,5,2,0,,4,2,5,,4,4,5,5,5,,4,5,5,5,5,5,,0,,5,1,5,3,5,5,,
201920,9,Uttar Pradesh,966,CHANDAULI,96605,DHANAPUR,Rural,5,HSS (VIXII),5,Private Unaided (Recognized),3,3,2,0,2,2,3,3,1,1,3,2,1,2,,3,3,3,3,3,,3,3,3,3,3,3,,0,,3,0,3,,1,0,,
201920,9,Uttar Pradesh,966,CHANDAULI,96605,DHANAPUR,Rural,6,SS (IX),5,Private Unaided (Recognized),2,2,2,0,2,2,2,2,2,0,2,2,2,2,,2,2,2,2,2,,2,2,2,2,2,2,,1,,2,2,2,,2,1,,2
201920,9,Uttar Pradesh,966,CHANDAULI,96605,DHANAPUR,Rural,6,SS (IX),97,Madarsa recognized (by Wakf board/Madarsa Board) ,1,1,1,0,1,0,1,1,0,0,0,,0,1,,1,1,1,1,1,,1,1,1,1,1,1,,0,,1,0,1,0,1,0,,1
201920,9,Uttar Pradesh,966,CHANDAULI,96605,DHANAPUR,Rural,6,SS (IX),98,Madarsa unrecognized,3,3,3,0,2,2,2,2,2,0,2,3,0,2,,3,3,3,3,3,,3,3,3,3,3,3,,1,,3,2,3,,3,3,,2
201920,9,Uttar Pradesh,966,CHANDAULI,96605,DHANAPUR,Rural,7,SS (VIX),5,Private Unaided (Recognized),4,4,4,0,4,4,4,4,0,0,4,4,4,4,,4,4,4,4,4,,4,4,4,4,4,4,,0,,4,1,4,,1,1,,3
201920,9,Uttar Pradesh,966,CHANDAULI,96605,DHANAPUR,Rural,8,SS (IXX),5,Private Unaided (Recognized),6,6,6,0,6,5,,,2,0,5,6,1,3,,6,6,6,6,6,,5,5,5,5,6,6,,1,,6,3,6,,3,2,,2
201920,9,Uttar Pradesh,966,CHANDAULI,96605,DHANAPUR,Rural,10,HSS (IXXII),4,Government Aided,2,2,2,0,2,2,1,1,1,0,1,1,0,2,,2,2,2,2,2,,2,2,2,2,2,2,,0,,2,0,2,1,1,1,,1
201920,9,Uttar Pradesh,966,CHANDAULI,96605,DHANAPUR,Rural,10,HSS (IXXII),5,Private Unaided (Recognized),12,12,12,0,10,9,,9,5,0,11,11,7,12,,,12,12,12,12,,9,9,9,9,12,12,,3,,12,5,12,,7,2,,
201920,9,Uttar Pradesh,966,CHANDAULI,96606,SHAHABGANJ,Rural,1,PS (IV),1,Department of Education,65,65,44,0,44,34,60,64,2,0,29,38,4,31,,65,64,65,65,65,,,32,32,32,65,65,,4,,55,0,,,56,39,,
201920,9,Uttar Pradesh,966,CHANDAULI,96606,SHAHABGANJ,Rural,1,PS (IV),5,Private Unaided (Recognized),9,9,8,0,9,,9,9,0,0,8,7,1,6,,9,9,9,9,9,,5,5,5,5,9,9,,1,,9,0,,4,8,2,,
201920,9,Uttar Pradesh,966,CHANDAULI,96606,SHAHABGANJ,Rural,2,UPS (IVIII),1,Department of Education,26,,19,0,24,20,,26,1,0,17,,1,17,,26,26,26,26,26,26,20,21,21,21,26,26,,1,,24,6,,,24,19,,
201920,9,Uttar Pradesh,966,CHANDAULI,96606,SHAHABGANJ,Rural,2,UPS (IVIII),4,Government Aided,1,1,1,0,1,1,1,1,0,0,1,0,0,0,,1,1,1,1,1,1,0,0,0,0,1,1,,0,,1,0,,,1,1,,
201920,9,Uttar Pradesh,966,CHANDAULI,96606,SHAHABGANJ,Rural,2,UPS (IVIII),5,Private Unaided (Recognized),5,5,5,0,5,5,5,5,1,0,5,3,3,,,5,5,,5,5,5,4,4,4,4,5,5,,2,,5,1,,,2,1,,
201920,9,Uttar Pradesh,966,CHANDAULI,96606,SHAHABGANJ,Rural,4,UPS (VIVIII),1,Department of Education,23,23,11,0,22,18,20,22,0,0,9,18,2,15,,22,22,23,23,23,23,10,10,10,10,23,23,,0,,20,7,,19,20,14,,
201920,9,Uttar Pradesh,966,CHANDAULI,96606,SHAHABGANJ,Rural,4,UPS (VIVIII),4,Government Aided,3,3,2,0,3,3,3,3,0,0,3,3,0,0,,3,3,3,3,3,3,2,2,2,2,3,3,,0,,2,0,,,1,0,,
201920,9,Uttar Pradesh,966,CHANDAULI,96606,SHAHABGANJ,Rural,4,UPS (VIVIII),5,Private Unaided (Recognized),5,5,5,0,4,4,5,5,0,0,,2,0,0,,4,4,5,5,5,5,0,0,0,0,,5,,1,,5,0,,0,1,0,,
201920,9,Uttar Pradesh,966,CHANDAULI,96606,SHAHABGANJ,Rural,5,HSS (VIXII),4,Government Aided,3,3,2,0,3,3,,,,0,3,3,0,2,,3,3,3,3,3,3,3,3,3,3,,3,,1,,3,0,,2,3,3,,
201920,9,Uttar Pradesh,966,CHANDAULI,96606,SHAHABGANJ,Rural,5,HSS (VIXII),5,Private Unaided (Recognized),4,4,4,0,3,4,,4,0,0,2,4,0,2,,3,3,4,4,4,4,1,1,1,1,,4,,0,,4,1,,1,0,0,2,
201920,9,Uttar Pradesh,966,CHANDAULI,96606,SHAHABGANJ,Rural,6,SS (IX),97,Madarsa recognized (by Wakf board/Madarsa Board) ,1,1,1,0,0,0,,1,1,0,0,1,1,1,,1,1,1,1,1,1,0,0,0,0,,1,,0,,1,1,,1,1,1,0,
201920,9,Uttar Pradesh,966,CHANDAULI,96606,SHAHABGANJ,Rural,7,SS (VIX),5,Private Unaided (Recognized),6,6,6,0,5,6,,6,0,0,6,,2,3,,6,6,6,6,6,,4,4,4,4,,6,,1,,6,3,,1,4,4,4,
201920,9,Uttar Pradesh,966,CHANDAULI,96606,SHAHABGANJ,Rural,7,SS (VIX),97,Madarsa recognized (by Wakf board/Madarsa Board) ,1,1,1,0,1,1,1,1,1,0,0,1,1,1,,1,1,1,1,1,,1,1,1,1,,1,,0,,1,0,,1,1,0,1,
201920,9,Uttar Pradesh,966,CHANDAULI,96606,SHAHABGANJ,Rural,8,SS (IXX),1,Department of Education,4,4,2,0,4,4,,4,1,0,2,,0,1,,,3,4,4,4,,3,3,3,3,,4,,0,,3,1,,0,1,1,0,
201920,9,Uttar Pradesh,966,CHANDAULI,96606,SHAHABGANJ,Rural,8,SS (IXX),5,Private Unaided (Recognized),1,1,1,0,1,1,1,1,0,0,0,1,1,1,,1,1,1,1,1,,1,1,1,1,,1,,0,,1,0,1,,0,0,0,
201920,9,Uttar Pradesh,966,CHANDAULI,96606,SHAHABGANJ,Rural,10,HSS (IXXII),5,Private Unaided (Recognized),3,,3,0,3,3,3,3,0,0,,3,2,2,,2,2,3,3,3,,1,2,2,2,,3,,0,,3,0,3,,0,0,1,
201920,9,Uttar Pradesh,966,CHANDAULI,96607,BARAHANI,Rural,1,PS (IV),1,Department of Education,78,77,57,0,55,48,,72,5,0,46,78,0,72,,78,76,78,76,78,,56,56,56,56,,78,,5,,77,0,76,,78,76,2,1
201920,9,Uttar Pradesh,966,CHANDAULI,96607,BARAHANI,Rural,1,PS (IV),5,Private Unaided (Recognized),16,16,13,0,15,15,13,13,4,0,16,16,0,14,0,16,16,16,16,16,,,15,15,15,,15,,4,,16,0,16,,13,10,,8
201920,9,Uttar Pradesh,966,CHANDAULI,96607,BARAHANI,Rural,1,PS (IV),97,Madarsa recognized (by Wakf board/Madarsa Board) ,1,1,1,0,0,,1,1,0,0,0,1,1,1,0,1,1,1,1,1,,1,1,1,1,,1,,0,,1,0,1,,1,1,,1
201920,9,Uttar Pradesh,966,CHANDAULI,96607,BARAHANI,Rural,1,PS (IV),98,Madarsa unrecognized,3,3,2,0,2,2,,3,1,0,2,3,0,1,0,3,3,3,3,3,,3,3,3,3,,3,,1,,3,0,3,,1,0,,1
201920,9,Uttar Pradesh,966,CHANDAULI,96607,BARAHANI,Rural,2,UPS (IVIII),1,Department of Education,27,27,21,0,26,22,24,24,2,0,23,27,0,27,2,27,27,27,27,27,,25,25,25,25,,27,,5,,27,17,27,,27,27,,6
201920,9,Uttar Pradesh,966,CHANDAULI,96607,BARAHANI,Rural,2,UPS (IVIII),5,Private Unaided (Recognized),7,7,6,0,7,6,,7,5,0,,7,1,,1,7,7,7,7,7,,7,7,7,7,,7,,4,,7,3,7,,6,4,,
201920,9,Uttar Pradesh,966,CHANDAULI,96607,BARAHANI,Rural,4,UPS (VIVIII),1,Department of Education,28,28,19,0,25,23,26,26,4,0,23,28,0,25,6,27,27,,28,28,,24,25,25,25,,28,,5,,28,23,28,,27,27,,
201920,9,Uttar Pradesh,966,CHANDAULI,96607,BARAHANI,Rural,4,UPS (VIVIII),4,Government Aided,4,4,4,0,4,4,,,1,0,3,4,0,4,1,3,3,4,4,4,,3,4,4,4,,4,,0,,4,0,4,,3,2,,
201920,9,Uttar Pradesh,966,CHANDAULI,96607,BARAHANI,Rural,4,UPS (VIVIII),5,Private Unaided (Recognized),7,7,7,0,7,7,7,7,2,0,7,,0,5,0,,6,7,7,7,,6,7,7,7,,7,,2,,7,5,7,,4,4,,
201920,9,Uttar Pradesh,966,CHANDAULI,96607,BARAHANI,Rural,5,HSS (VIXII),4,Government Aided,4,3,4,0,4,4,,4,1,0,4,4,0,4,2,4,4,4,4,4,,4,4,4,4,,4,,0,,4,4,,3,4,4,,
201920,9,Uttar Pradesh,966,CHANDAULI,96607,BARAHANI,Rural,5,HSS (VIXII),5,Private Unaided (Recognized),1,1,1,0,1,1,0,0,0,0,1,1,0,1,0,1,1,1,1,1,,1,1,1,1,,1,,0,,1,1,,0,0,0,,
201920,9,Uttar Pradesh,966,CHANDAULI,96607,BARAHANI,Rural,7,SS (VIX),5,Private Unaided (Recognized),4,4,4,0,3,4,,4,2,0,3,4,0,1,0,4,4,4,4,4,,4,4,4,4,,4,,2,,4,1,,2,2,2,,
201920,9,Uttar Pradesh,966,CHANDAULI,96607,BARAHANI,Rural,8,SS (IXX),1,Department of Education,4,3,1,0,3,3,,1,,0,2,3,0,0,0,4,4,4,4,4,,3,3,3,3,,4,,0,1,2,0,,0,4,4,,
201920,9,Uttar Pradesh,966,CHANDAULI,96607,BARAHANI,Rural,8,SS (IXX),5,Private Unaided (Recognized),1,1,1,0,1,1,1,1,0,0,1,1,1,,1,1,1,1,1,1,,,1,1,1,,1,,0,0,1,1,,1,1,1,,
201920,9,Uttar Pradesh,966,CHANDAULI,96607,BARAHANI,Rural,10,HSS (IXXII),4,Government Aided,1,1,1,0,0,1,1,1,1,0,1,,0,1,0,1,1,1,1,1,,1,1,1,1,,1,,0,0,1,0,,,0,0,,
201920,9,Uttar Pradesh,966,CHANDAULI,96607,BARAHANI,Rural,10,HSS (IXXII),5,Private Unaided (Recognized),7,,7,0,7,7,,7,3,0,7,7,,7,1,6,6,7,7,7,,6,7,7,7,,7,,1,1,7,5,,,2,2,,
201920,9,Uttar Pradesh,966,CHANDAULI,96607,BARAHANI,Urban,1,PS (IV),1,Department of Education,4,4,2,0,2,2,,3,1,0,,4,,3,,2,2,3,3,3,,2,3,3,3,,3,,0,0,3,0,,3,4,4,,
201920,9,Uttar Pradesh,966,CHANDAULI,96607,BARAHANI,Urban,1,PS (IV),98,Madarsa unrecognized,1,1,1,0,0,0,,1,1,0,0,1,,0,,1,1,1,1,1,,1,1,1,1,,1,,0,0,1,0,,0,1,0,,
201920,9,Uttar Pradesh,966,CHANDAULI,96607,BARAHANI,Urban,2,UPS (IVIII),5,Private Unaided (Recognized),2,2,2,0,2,2,2,2,0,0,1,2,,1,,2,2,2,2,2,2,2,2,2,2,,2,,1,1,2,1,,1,0,0,,
201920,9,Uttar Pradesh,966,CHANDAULI,96607,BARAHANI,Urban,5,HSS (VIXII),1,Department of Education,1,1,1,0,1,1,1,1,1,0,1,,,1,,,0,1,1,1,1,0,1,1,1,,1,,0,1,1,0,,,1,1,,
201920,9,Uttar Pradesh,966,CHANDAULI,96607,BARAHANI,Urban,5,HSS (VIXII),4,Government Aided,1,1,1,0,1,1,1,1,0,0,1,1,,1,,1,1,1,1,1,1,1,1,1,1,,1,,1,1,1,1,,0,1,1,,
201920,9,Uttar Pradesh,966,CHANDAULI,96607,BARAHANI,Urban,8,SS (IXX),5,Private Unaided (Recognized),1,1,1,0,1,1,1,1,0,0,1,1,,1,,1,1,1,1,1,1,1,1,1,1,,1,,0,0,1,1,,,0,0,,
201920,9,Uttar Pradesh,966,CHANDAULI,96608,NIYAMATABAD,Rural,1,PS (IV),1,Department of Education,79,79,69,0,63,45,77,78,2,0,45,77,,23,,76,76,77,76,78,78,55,55,57,57,79,79,,5,10,76,0,,73,69,63,,
201920,9,Uttar Pradesh,966,CHANDAULI,96608,NIYAMATABAD,Rural,1,PS (IV),5,Private Unaided (Recognized),49,49,45,0,48,39,49,49,3,0,42,34,,,,49,49,49,49,49,,44,44,44,44,49,49,,12,14,48,0,,,32,18,13,
201920,9,Uttar Pradesh,966,CHANDAULI,96608,NIYAMATABAD,Rural,1,PS (IV),97,Madarsa recognized (by Wakf board/Madarsa Board) ,15,14,15,0,10,7,15,,2,0,7,13,,15,,15,15,15,15,15,,13,13,13,13,15,15,,1,1,15,0,,11,10,0,2,
201920,9,Uttar Pradesh,966,CHANDAULI,96608,NIYAMATABAD,Rural,1,PS (IV),98,Madarsa unrecognized,1,1,1,0,1,0,1,1,0,0,1,0,,1,,1,1,1,1,1,,0,0,0,0,,1,,1,,1,0,,,1,0,1,
201920,9,Uttar Pradesh,966,CHANDAULI,96608,NIYAMATABAD,Rural,2,UPS (IVIII),1,Department of Education,30,30,23,0,30,16,30,30,1,0,,30,,7,,30,30,30,30,30,,29,30,30,30,,30,,0,,30,15,,26,29,27,0,3
201920,9,Uttar Pradesh,966,CHANDAULI,96608,NIYAMATABAD,Rural,2,UPS (IVIII),5,Private Unaided (Recognized),27,27,25,0,26,21,27,27,3,1,23,20,,15,,27,27,,27,27,,25,24,25,25,,27,,9,,25,13,,16,17,9,7,
201920,9,Uttar Pradesh,966,CHANDAULI,96608,NIYAMATABAD,Rural,2,UPS (IVIII),97,Madarsa recognized (by Wakf board/Madarsa Board) ,3,3,3,0,2,2,,3,0,0,2,1,,1,,3,3,3,3,3,,2,2,2,2,,3,,0,,3,1,,,3,1,0,
201920,9,Uttar Pradesh,966,CHANDAULI,96608,NIYAMATABAD,Rural,2,UPS (IVIII),98,Madarsa unrecognized,1,1,1,0,1,1,1,1,0,0,1,1,,1,,1,1,0,0,1,,1,0,1,1,,1,,1,,1,0,,1,1,0,1,
201920,9,Uttar Pradesh,966,CHANDAULI,96608,NIYAMATABAD,Rural,3,HSS (IXII),5,Private Unaided (Recognized),3,3,3,0,3,3,,3,,0,3,3,,3,,3,3,3,3,3,,3,3,3,3,,3,,2,,3,3,,,3,0,3,
201920,9,Uttar Pradesh,966,CHANDAULI,96608,NIYAMATABAD,Rural,3,HSS (IXII),97,Madarsa recognized (by Wakf board/Madarsa Board) ,2,2,2,0,2,2,,2,1,0,0,2,,2,,2,2,2,2,2,,2,2,2,2,,2,,1,,2,0,,,2,0,2,
201920,9,Uttar Pradesh,966,CHANDAULI,96608,NIYAMATABAD,Rural,4,UPS (VIVIII),1,Department of Education,19,19,14,0,17,13,18,19,0,0,14,,,,,,17,19,19,19,,,10,13,13,,19,,3,,19,9,,,18,15,0,
201920,9,Uttar Pradesh,966,CHANDAULI,96608,NIYAMATABAD,Rural,4,UPS (VIVIII),4,Government Aided,2,,2,0,2,,2,2,0,0,,,,2,,2,2,2,2,2,,1,1,1,1,,2,,1,,2,0,,,2,1,0,
201920,9,Uttar Pradesh,966,CHANDAULI,96608,NIYAMATABAD,Rural,4,UPS (VIVIII),5,Private Unaided (Recognized),14,14,13,0,14,12,,14,1,0,11,10,,11,,14,14,14,14,14,,14,14,14,14,,14,,3,,14,3,14,,8,4,4,
201920,9,Uttar Pradesh,966,CHANDAULI,96608,NIYAMATABAD,Rural,5,HSS (VIXII),5,Private Unaided (Recognized),6,6,6,0,4,5,,6,1,0,5,5,,4,,6,6,6,6,6,,6,6,6,6,,6,2,1,,6,4,6,0,3,2,,
201920,9,Uttar Pradesh,966,CHANDAULI,96608,NIYAMATABAD,Rural,6,SS (IX),5,Private Unaided (Recognized),4,4,4,0,4,4,,4,1,0,4,4,,4,,4,4,4,4,4,,4,4,4,4,,4,3,3,,4,2,4,0,4,1,,
201920,9,Uttar Pradesh,966,CHANDAULI,96608,NIYAMATABAD,Rural,6,SS (IX),97,Madarsa recognized (by Wakf board/Madarsa Board) ,6,5,6,0,6,4,,6,1,0,3,5,,6,,6,6,6,6,6,,5,5,5,5,,6,0,2,,6,2,6,5,5,0,,
201920,9,Uttar Pradesh,966,CHANDAULI,96608,NIYAMATABAD,Rural,6,SS (IX),98,Madarsa unrecognized,1,1,1,0,1,1,,1,0,0,1,1,,1,,1,1,1,1,1,,1,1,1,1,,1,0,1,,1,1,1,,1,0,,
201920,9,Uttar Pradesh,966,CHANDAULI,96608,NIYAMATABAD,Rural,7,SS (VIX),4,Government Aided,2,2,2,0,2,2,,2,2,0,2,0,,1,,2,2,2,2,2,,2,2,2,2,,2,0,0,,2,1,2,1,1,0,,
201920,9,Uttar Pradesh,966,CHANDAULI,96608,NIYAMATABAD,Rural,7,SS (VIX),5,Private Unaided (Recognized),12,12,12,0,10,10,,,0,0,,9,,9,,12,12,12,12,12,,12,12,12,12,,12,4,4,,12,7,12,,8,3,,
201920,9,Uttar Pradesh,966,CHANDAULI,96608,NIYAMATABAD,Rural,8,SS (IXX),5,Private Unaided (Recognized),4,4,4,0,4,3,,4,0,0,4,3,,4,,4,4,4,4,4,,4,4,4,4,,4,0,0,,3,1,3,2,4,2,,
201920,9,Uttar Pradesh,966,CHANDAULI,96608,NIYAMATABAD,Rural,10,HSS (IXXII),5,Private Unaided (Recognized),5,5,5,0,5,5,,5,3,0,5,4,,5,,5,5,5,5,5,,5,5,5,5,,5,2,2,,5,3,5,2,3,0,,
201920,9,Uttar Pradesh,966,CHANDAULI,96608,NIYAMATABAD,Urban,1,PS (IV),1,Department of Education,1,1,1,0,1,1,,1,0,0,1,1,,0,,1,1,1,1,1,,1,1,1,1,,1,0,0,,1,0,1,,1,1,,
201920,9,Uttar Pradesh,966,CHANDAULI,96608,NIYAMATABAD,Urban,1,PS (IV),5,Private Unaided (Recognized),3,3,3,0,3,0,,3,1,0,2,3,,,,3,3,3,3,3,,,3,3,3,,3,1,1,,3,0,3,0,2,1,,
201920,9,Uttar Pradesh,966,CHANDAULI,96608,NIYAMATABAD,Urban,1,PS (IV),98,Madarsa unrecognized,1,,1,0,1,0,,1,0,0,0,1,,1,,1,1,1,1,1,,1,1,1,1,,1,0,0,,1,0,1,,1,0,,
201920,9,Uttar Pradesh,966,CHANDAULI,96608,NIYAMATABAD,Urban,2,UPS (IVIII),1,Department of Education,1,1,1,0,1,0,,1,0,0,0,,,0,,1,1,1,1,1,,0,1,1,1,,1,0,0,,1,1,1,,1,1,,
201920,9,Uttar Pradesh,966,CHANDAULI,96608,NIYAMATABAD,Urban,2,UPS (IVIII),5,Private Unaided (Recognized),2,2,2,0,2,0,2,2,0,0,2,2,,1,,2,2,2,2,2,,2,2,2,2,,2,0,2,,2,0,2,1,2,2,,
201920,9,Uttar Pradesh,966,CHANDAULI,96608,NIYAMATABAD,Urban,3,HSS (IXII),5,Private Unaided (Recognized),1,1,1,0,1,1,1,1,1,0,1,1,,1,,1,1,1,1,1,,1,1,1,1,,1,0,0,,1,0,1,0,1,1,,
201920,9,Uttar Pradesh,966,CHANDAULI,96608,NIYAMATABAD,Urban,10,HSS (IXXII),5,Private Unaided (Recognized),1,1,1,0,1,1,1,1,0,0,1,1,,1,,1,1,1,1,1,,1,1,1,1,,1,1,0,,1,0,1,,1,0,,
201920,9,Uttar Pradesh,966,CHANDAULI,96609,NAUGARH,Rural,1,PS (IV),1,Department of Education,70,70,56,0,63,44,53,59,2,0,39,50,,17,,70,69,70,70,70,,25,25,26,26,,70,0,0,,62,0,62,53,58,52,,
201920,9,Uttar Pradesh,966,CHANDAULI,96609,NAUGARH,Rural,1,PS (IV),5,Private Unaided (Recognized),6,6,3,0,6,6,3,3,0,0,6,5,,5,,6,6,,6,6,,4,4,4,4,,3,0,0,,5,0,5,2,4,3,,
201920,9,Uttar Pradesh,966,CHANDAULI,96609,NAUGARH,Rural,2,UPS (IVIII),1,Department of Education,24,24,17,0,24,19,17,17,0,0,18,,,8,,,24,24,24,24,24,16,16,16,16,,24,0,0,,21,9,21,,24,24,,
201920,9,Uttar Pradesh,966,CHANDAULI,96609,NAUGARH,Rural,2,UPS (IVIII),5,Private Unaided (Recognized),2,2,1,0,2,2,1,1,0,0,1,1,,2,,2,2,2,2,2,2,1,1,1,1,2,2,0,0,,2,0,2,,1,1,,
201920,9,Uttar Pradesh,966,CHANDAULI,96609,NAUGARH,Rural,4,UPS (VIVIII),1,Department of Education,23,22,14,0,21,19,13,15,1,0,13,16,,11,,21,21,23,23,23,23,9,9,10,10,23,23,,1,,22,4,22,15,22,20,,
201920,9,Uttar Pradesh,966,CHANDAULI,96609,NAUGARH,Rural,4,UPS (VIVIII),5,Private Unaided (Recognized),1,1,1,0,1,1,,1,0,0,0,1,,0,,1,1,1,1,1,1,,1,1,1,1,1,,0,,0,0,0,,1,1,,
201920,9,Uttar Pradesh,966,CHANDAULI,96609,NAUGARH,Rural,5,HSS (VIXII),1,Department of Education,1,1,0,0,1,1,,1,0,0,1,0,,1,,1,1,1,1,1,1,1,1,1,1,1,1,,0,,1,0,1,,1,1,,
201920,9,Uttar Pradesh,966,CHANDAULI,96609,NAUGARH,Rural,5,HSS (VIXII),4,Government Aided,1,1,0,0,1,1,,1,1,0,,1,,1,,1,1,1,1,1,1,0,0,0,0,1,1,,0,,1,0,1,1,1,1,,
201920,9,Uttar Pradesh,966,CHANDAULI,96609,NAUGARH,Rural,5,HSS (VIXII),5,Private Unaided (Recognized),1,1,1,0,1,1,,1,1,0,1,1,,1,,1,1,1,1,1,1,1,1,1,1,1,1,,0,,1,0,1,0,0,0,,
201920,9,Uttar Pradesh,966,CHANDAULI,96609,NAUGARH,Rural,6,SS (IX),97,Madarsa recognized (by Wakf board/Madarsa Board) ,1,1,1,0,1,0,,1,0,0,0,1,,1,,1,1,1,1,1,,1,1,1,1,,1,,0,,1,0,1,,1,1,,
201920,9,Uttar Pradesh,966,CHANDAULI,96609,NAUGARH,Rural,7,SS (VIX),5,Private Unaided (Recognized),2,2,2,0,2,,,0,0,0,2,0,,1,,2,1,2,1,2,,0,0,0,0,,2,,0,,2,0,,,0,0,1,
201920,9,Uttar Pradesh,966,CHANDAULI,96609,NAUGARH,Rural,8,SS (IXX),1,Department of Education,6,5,3,0,5,3,1,,1,0,5,3,,2,,4,4,6,6,6,,3,5,5,5,,5,,0,,5,1,,,6,6,0,
201920,9,Uttar Pradesh,966,CHANDAULI,96609,NAUGARH,Rural,8,SS (IXX),5,Private Unaided (Recognized),1,1,1,0,1,1,1,1,,0,1,1,,1,,1,1,1,1,1,,0,0,0,0,,1,,0,,1,0,,1,1,0,0,
201920,9,Uttar Pradesh,966,CHANDAULI,96609,NAUGARH,Rural,10,HSS (IXXII),5,Private Unaided (Recognized),1,1,1,0,1,1,1,1,0,0,1,1,,,,1,1,1,1,1,,1,1,1,1,,1,,0,,1,0,,0,0,0,0,
201920,9,Uttar Pradesh,966,CHANDAULI,96609,NAUGARH,Urban,4,UPS (VIVIII),1,Department of Education,1,1,0,0,1,1,1,1,0,0,0,1,,0,,,1,1,1,1,,0,0,0,0,,1,,0,,1,1,,1,1,1,0,
201920,9,Uttar Pradesh,966,CHANDAULI,96610,MUGALSARAI (NAGAR CHHETRA),Rural,3,HSS (IXII),5,Private Unaided (Recognized),1,1,1,0,1,1,1,1,0,0,1,,,1,,1,1,1,1,1,,1,1,1,1,,1,,0,,1,0,,,1,0,1,
201920,9,Uttar Pradesh,966,CHANDAULI,96610,MUGALSARAI (NAGAR CHHETRA),Urban,1,PS (IV),1,Department of Education,7,7,6,0,6,3,7,7,1,0,3,7,,2,,7,7,7,7,7,,6,6,6,6,,7,,1,,5,0,,,5,4,0,
201920,9,Uttar Pradesh,966,CHANDAULI,96610,MUGALSARAI (NAGAR CHHETRA),Urban,1,PS (IV),2,Tribal Welfare Department,1,1,0,0,0,0,,1,0,0,0,0,,0,,1,1,1,1,1,,1,1,1,1,,1,,0,,1,0,,0,1,1,,
201920,9,Uttar Pradesh,966,CHANDAULI,96610,MUGALSARAI (NAGAR CHHETRA),Urban,1,PS (IV),5,Private Unaided (Recognized),31,31,30,0,30,22,31,31,0,0,23,15,,18,,31,31,31,31,31,,30,29,30,30,,31,,5,,25,0,,10,19,19,,
201920,9,Uttar Pradesh,966,CHANDAULI,96610,MUGALSARAI (NAGAR CHHETRA),Urban,2,UPS (IVIII),1,Department of Education,2,2,2,0,2,0,,2,0,0,1,2,,1,,2,2,2,2,2,,,2,2,2,,2,,0,,2,0,,,2,2,,
201920,9,Uttar Pradesh,966,CHANDAULI,96610,MUGALSARAI (NAGAR CHHETRA),Urban,2,UPS (IVIII),4,Government Aided,1,1,1,0,1,1,1,1,0,0,1,0,,1,,1,1,1,1,1,,1,1,1,1,,1,,0,,1,0,,,1,1,,
201920,9,Uttar Pradesh,966,CHANDAULI,96610,MUGALSARAI (NAGAR CHHETRA),Urban,2,UPS (IVIII),5,Private Unaided (Recognized),11,11,11,0,10,6,,11,3,0,6,10,,8,,11,11,11,11,11,,11,11,11,11,,11,,2,,10,7,,,7,6,,
201920,9,Uttar Pradesh,966,CHANDAULI,96610,MUGALSARAI (NAGAR CHHETRA),Urban,3,HSS (IXII),4,Government Aided,2,,2,0,2,2,,2,0,0,,2,,2,,0,0,2,2,2,,0,1,1,1,,2,,0,,2,0,,,1,1,,
201920,9,Uttar Pradesh,966,CHANDAULI,96610,MUGALSARAI (NAGAR CHHETRA),Urban,3,HSS (IXII),5,Private Unaided (Recognized),1,1,1,0,1,0,,1,0,0,1,1,,1,,1,1,1,1,1,,0,0,0,0,,1,,0,,1,0,,,1,0,,
201920,9,Uttar Pradesh,966,CHANDAULI,96610,MUGALSARAI (NAGAR CHHETRA),Urban,3,HSS (IXII),92,Kendriya Vidyalaya / Central School,1,1,1,0,1,1,,1,0,0,1,1,,1,,1,1,1,1,1,1,1,1,1,1,,1,,0,,1,0,,,1,0,,
201920,9,Uttar Pradesh,966,CHANDAULI,96610,MUGALSARAI (NAGAR CHHETRA),Urban,4,UPS (VIVIII),1,Department of Education,1,1,1,0,1,1,,1,0,0,0,1,,0,,0,0,1,1,1,1,0,1,1,1,,1,,0,,1,1,,,1,1,,
201920,9,Uttar Pradesh,966,CHANDAULI,96610,MUGALSARAI (NAGAR CHHETRA),Urban,4,UPS (VIVIII),4,Government Aided,3,3,1,0,3,3,3,3,0,0,2,1,,2,,,3,,3,3,3,3,3,3,3,,3,,0,,2,0,,2,1,1,,
201920,9,Uttar Pradesh,966,CHANDAULI,96610,MUGALSARAI (NAGAR CHHETRA),Urban,4,UPS (VIVIII),5,Private Unaided (Recognized),12,12,11,0,12,9,,12,0,0,11,10,,7,,12,12,12,12,12,,,11,11,11,,12,,0,,9,7,,6,9,8,,
201920,9,Uttar Pradesh,966,CHANDAULI,96610,MUGALSARAI (NAGAR CHHETRA),Urban,5,HSS (VIXII),4,Government Aided,2,2,2,0,2,0,,,2,0,1,2,,1,,2,2,2,2,2,2,2,2,2,2,,2,,0,,2,1,,1,2,1,,
201920,9,Uttar Pradesh,966,CHANDAULI,96610,MUGALSARAI (NAGAR CHHETRA),Urban,5,HSS (VIXII),95,Railway School,1,1,1,0,1,1,,1,0,0,,1,,,,1,1,1,1,1,1,1,1,1,1,,1,,0,,1,1,,,1,0,,
201920,9,Uttar Pradesh,966,CHANDAULI,96610,MUGALSARAI (NAGAR CHHETRA),Urban,6,SS (IX),98,Madarsa unrecognized,1,1,1,0,1,1,1,1,0,0,0,0,,0,,1,1,1,1,1,1,1,1,1,1,,1,,0,,1,1,1,,0,0,,
201920,9,Uttar Pradesh,966,CHANDAULI,96610,MUGALSARAI (NAGAR CHHETRA),Urban,7,SS (VIX),5,Private Unaided (Recognized),2,2,2,0,1,1,2,2,1,0,1,2,2,2,,2,2,2,2,2,2,2,2,2,2,,2,,0,,2,1,2,,2,2,,
201920,9,Uttar Pradesh,966,CHANDAULI,96610,MUGALSARAI (NAGAR CHHETRA),Urban,8,SS (IXX),5,Private Unaided (Recognized),2,2,2,0,2,2,2,2,1,0,2,1,0,2,,2,2,2,2,2,2,2,2,2,2,,2,,0,,2,1,2,,1,0,,1
